Time,gols_marcados,gols_sofridos,cartões,vitórias,empates,derrotas,partidas,taxa_vitoria,taxa_empate,taxa_derrota,prob_vitoria,prob_empate,prob_derrota,odd_vitoria,odd_empate,odd_derrota,analise_ia
Palmeiras,53,26,57,19,4,5,28,67.85714285714286,14.285714285714285,17.857142857142858,0.6785714285714286,0.14285714285714285,0.17857142857142858,1.4736842105263157,7.0,5.6,"Com 67.9% de vitória, a aposta na vitória simples do Palmeiras é a estratégia mais direta e provável."
Flamengo,56,15,61,18,7,3,28,64.28571428571429,25.0,10.714285714285714,0.6428571428571429,0.25,0.10714285714285714,1.5555555555555554,4.0,9.333333333333334,"A alta probabilidade de vitória (64.3%) com baixa de derrota (10.7%) favorece a aposta no ""Empate Anula Aposta"" ou vitória seca."
Cruzeiro,42,21,81,16,8,5,29,55.172413793103445,27.586206896551722,17.24137931034483,0.5517241379310345,0.27586206896551724,0.1724137931034483,1.8125,3.625,5.8,"Com 55.2% de chance de vencer, o ""Empate Anula Aposta"" a favor do Cruzeiro oferece boa segurança para uma aposta sólida."
Mirassol,50,30,69,14,10,5,29,48.275862068965516,34.48275862068966,17.24137931034483,0.48275862068965514,0.3448275862068966,0.1724137931034483,2.0714285714285716,2.9,5.8,A alta chance de empate (34.5%) somada à vitória (48.3%) sugere uma aposta de dupla chance: Mirassol vence ou empata.
Bahia,40,32,72,14,7,8,29,48.275862068965516,24.137931034482758,27.586206896551722,0.48275862068965514,0.24137931034482757,0.27586206896551724,2.0714285714285716,4.142857142857143,3.625,"Dada a distribuição das probabilidades, o ""Empate Anula Aposta"" a favor do Bahia pode ser uma boa escolha para mitigar riscos."
Botafogo,39,26,70,13,7,9,29,44.827586206896555,24.137931034482758,31.03448275862069,0.4482758620689655,0.24137931034482757,0.3103448275862069,2.230769230769231,4.142857142857143,3.2222222222222223,"Com chances equilibradas entre vitória e derrota, o ""Empate Anula Aposta"" para o Botafogo é uma opção cautelosa."
Fluminense,35,35,56,12,5,11,28,42.857142857142854,17.857142857142858,39.285714285714285,0.42857142857142855,0.17857142857142858,0.39285714285714285,2.3333333333333335,5.6,2.5454545454545454,A elevada probabilidade de derrota (39.3%) sugere cautela; talvez seja melhor apostar contra ou em mercados de gols.
Vasco da Gama,46,41,56,11,6,12,29,37.93103448275862,20.689655172413794,41.37931034482759,0.3793103448275862,0.20689655172413793,0.41379310344827586,2.6363636363636367,4.833333333333333,2.4166666666666665,"Com 41.4% de derrota e apenas 37.9% de vitória, apostar contra o Vasco com ""Dupla Chance"" para o adversário é sensato."
São Paulo,31,33,79,10,8,11,29,34.48275862068966,27.586206896551722,37.93103448275862,0.3448275862068966,0.27586206896551724,0.3793103448275862,2.9,3.625,2.6363636363636367,"As probabilidades próximas entre os três resultados indicam um jogo imprevisível; evite apostas no 1x2 ou busque o ""Empate Anula Aposta"" para o adversário."
Red Bull Bragantino,34,44,82,10,6,13,29,34.48275862068966,20.689655172413794,44.827586206896555,0.3448275862068966,0.20689655172413793,0.4482758620689655,2.9,4.833333333333333,2.230769230769231,"A maior probabilidade de derrota (44.8%) os torna um alvo para apostas contra, como ""Dupla Chance"" para o oponente."
Corinthians,31,35,88,9,9,11,29,31.03448275862069,31.03448275862069,37.93103448275862,0.3103448275862069,0.3103448275862069,0.3793103448275862,3.2222222222222223,3.2222222222222223,2.6363636363636367,"Com alta probabilidade de empate e derrota, apostar que o Corinthians não vence (X2 para o adversário) é uma estratégia válida."
Grêmio,30,37,79,9,9,11,29,31.03448275862069,31.03448275862069,37.93103448275862,0.3103448275862069,0.3103448275862069,0.3793103448275862,3.2222222222222223,3.2222222222222223,2.6363636363636367,"Similar ao Corinthians, a aposta no ""Dupla Chance"" para o adversário ou ""Empate Anula Aposta"" contra o Grêmio é recomendada."
Ceará,27,27,62,9,8,11,28,32.142857142857146,28.57142857142857,39.285714285714285,0.32142857142857145,0.2857142857142857,0.39285714285714285,3.1111111111111107,3.5,2.5454545454545454,A probabilidade de derrota (39.3%) supera a de vitória; apostar contra o Ceará ou em gols pode ser mais seguro.
Internacional,35,42,63,9,8,12,29,31.03448275862069,27.586206896551722,41.37931034482759,0.3103448275862069,0.27586206896551724,0.41379310344827586,3.2222222222222223,3.625,2.4166666666666665,"Com a maior probabilidade de derrota (41.4%), a aposta mais inteligente seria no adversário, seja vitória simples ou ""Empate Anula Aposta""."
Atlético-MG,26,32,79,8,9,11,28,28.57142857142857,32.142857142857146,39.285714285714285,0.2857142857142857,0.32142857142857145,0.39285714285714285,3.5,3.1111111111111107,2.5454545454545454,
Santos,28,40,73,8,7,13,28,28.57142857142857,25.0,46.42857142857143,0.2857142857142857,0.25,0.4642857142857143,3.5,4.0,2.1538461538461537,"Com 46.4% de derrota e apenas 28.6% de vitória, apostar no adversário (vitória ou Empate Anula Aposta) é a melhor abordagem."
Vitória,27,43,90,7,10,12,29,24.137931034482758,34.48275862068966,41.37931034482759,0.24137931034482757,0.3448275862068966,0.41379310344827586,4.142857142857143,2.9,2.4166666666666665,"As baixas chances de vitória e altas de empate ou derrota fazem do ""Dupla Chance"" para o adversário uma aposta sensata."
Juventude,23,53,82,7,5,17,29,24.137931034482758,17.24137931034483,58.620689655172406,0.24137931034482757,0.1724137931034483,0.5862068965517241,4.142857142857143,5.8,1.7058823529411766,"Com 58.6% de chance de derrota, uma aposta na vitória simples do adversário do Juventude é uma excelente opção."
Fortaleza,26,44,85,6,6,16,28,21.428571428571427,21.428571428571427,57.14285714285714,0.21428571428571427,0.21428571428571427,0.5714285714285714,4.666666666666667,4.666666666666667,1.75,A altíssima probabilidade de derrota (57.1%) sugere uma forte aposta na vitória do time adversário.
Sport,21,44,73,2,11,15,28,7.142857142857142,39.285714285714285,53.57142857142857,0.07142857142857142,0.39285714285714285,0.5357142857142857,14.0,2.5454545454545454,1.8666666666666667,"Com apenas 7.1% de vitória e 53.6% de derrota, apostar na vitória do adversário do Sport é a opção mais lógica e segura."
